id,y
897212bf,0
2ad6d4ae,0
a193003e,0
3f639630,1
dfe76b9d,1
6e3be906,1
78c5b9f9,0
104d0ad5,0
f7c2669b,0
3bb2baee,0
de2e6707,1
2d1fe87c,1
41923276,0
1097cce1,1
d30ec180,0
927c722a,0
be6fdc0b,1
b4f390ed,1
74f98418,0
03dfdde7,1
76b9a810,0
311f2713,0
310cae54,1
9a17ff50,1
b713a47e,0
d415b4d8,1
855fb7f9,0
98075479,1
9ce04c91,0
a313c139,1
9d11a20a,0
d41443df,1
106585ce,1
882d472b,1
fe859276,1
066fc3a3,1
b5463400,0
e23a6d6c,1
8d50204c,0
430dadfb,0
8f11cf57,0
96131ba0,0
c09ae7ab,0
c5708cb3,0
799b6fb8,0
786cabaa,1
66d14cfa,1
2a1ba268,0
df2bf4ca,0
f35d915c,0
85674458,0
4ef12abe,1
7088e941,1
db4fc783,0
3c3a9ef0,1
10da18af,0
77be0d28,1
0d00d4f5,1
590ad92d,0
7edd7045,0
d53dc9bf,0
4b89cc50,1
ab087ef2,1
70064a7a,1
c498ba21,0
2ab4d611,1
0d9bb8ca,0
6b413a2c,1
676aff27,1
2db73b46,0
7f84abc8,0
bb691bda,0
678d668b,1
0950fd26,1
0d5d4cf1,0
1769e87f,1
dbbfe720,1
2682e129,0
0cae5b5c,0
f78e509b,0
999c5699,1
317a64dc,1
9615da9b,0
1933de72,1
31c03dd7,1
f05fb320,0
e1f5a44b,0
4d298fd9,1
1201e853,1
8cb8b73c,1
d04ee344,1
bfb62326,0
dcf6d776,0
91b32c33,1
0a018462,0
26f8cc4d,1
a1e3c9de,1
14d9cf63,1
e9fec7b1,0
a7a3b293,0
5fee3d88,0
7daf940a,1
d8720fe0,0
c77da748,1
2c9cddb3,0
19b74ef9,0
1c5da5c1,0
9702f135,1
80972f34,1
1127137b,0
5c6836f6,1
e26016d8,1
7581bb05,0
5b919ee2,1
ab08b028,1
8c07d4ce,0
dc1f9d45,0
38dd8058,1
881b57fb,0
83ae0c19,1
75035050,0
be7e75d2,0
232e8055,0
7c00f9b3,0
36621753,0
cc367af4,1
381b736b,1
7d3b5fb0,0
5f72e749,1
e8bdf8b0,1
a82a7eb4,0
8766da45,1
77a104ef,0
0c046214,0
7ad90fd2,0
8fcd83e0,1
0b167ef5,0
a4194019,0
abbba5a2,1
07a8a1cd,1
81e8aac3,0
1f8ffdbf,0
a38c087d,1
488e855f,0
552601d0,0
bf222922,0
3cdf9476,1
905cc8ec,1
d769e27e,0
fb78c337,1
c21b5971,0
47f43726,0
3d662ded,1
868b5c30,0
f316ad18,0
9b08ac96,0
9fad360a,1
3d377fb5,0
7383e3c0,1
28b5ba8c,1
7bf8a9a3,0
255234de,1
fe57ea00,0
f40318e4,0
659ffb56,1
46e25f9f,1
eccfed5e,0
8bc80d4c,1
e9d45f27,0
3b720855,0
a6e5f59a,1
c323ac1e,0
2873ef79,1
5a67ae26,1
7f955e74,0
efa7232b,1
475ad710,0
0ec5326a,1
7fb40c6b,0
cab2fd97,1
b09bfb30,1
d8855202,1
39156bcd,1
3ef58e14,0
cedb2819,0
9459d75f,1
c5c3afbb,0
6a93909e,1
827e58ba,0
c5a5368e,0
04a26869,1
a1e9cfff,0
a7e7f5d6,0
faed7d4a,1
2c9802ce,1
85d19e1b,0
7511301e,0
4d2f1e1a,0
9594c79d,1
17b58b86,0
12188a20,1
1d8d6843,1
00cda37c,1
bd2ded14,0
7ea3c764,1
abece483,1
d61de09d,1
54d713fa,0
01e3d375,0
43251f20,0
7656c6e7,1
cdd6fdbd,0
01dfc6fc,1
70e6ce82,0
318803d6,0
9efe83c4,0
313765ba,1
ef388cba,1
aa2e88cd,0
7699ce10,1
9868ba8b,1
01de27e2,1
a12ab5c7,1
7e990cfe,1
d57d0b4b,0
382c2f98,1
600be491,1
98e25d5b,1
97ca3b61,1
61b15846,0
f50d0035,0
d76af558,1
02d81444,1
dfbc4e2c,1
da9c56b3,0
2debf260,1
09e394c2,1
4fa07261,0
8db1831f,1
103bf8ce,0
904ab22b,1
28fd9996,1
443fadc6,1
562fa962,1
fd68f6b4,0
6182a542,0
d64967c0,0
b7ff5efb,0
4e2d97b5,1
c5398636,0
38d0f512,0
8b133bbc,0
af6dacdd,0
732193ef,0
75d32a49,0
e9a620c4,1
3c9aa088,1
9551c097,1
2e4085b9,1
af809036,0
6f762245,0
a18754d4,0
af4ff845,0
aba21c1a,0
715464ae,1
a2dea31d,0
e0559741,1
0c497eae,0
9e84a139,1
d8b4254d,0
c9103baa,1
543d1fe6,0
c5ebab7e,1
639d870c,1
2902cf24,0
f4e4b57a,0
933ffc4d,0
23e699b9,1
f493602e,1
ce5da852,1
d9a6d591,0
ae7931e6,0
4190fc11,1
db87f6dc,1
ee145787,1
a64c7254,1
b1afba53,0
c08daeef,0
97626488,0
d76f3bbd,1
5dc46ed4,1
c4855c6f,1
5398194b,0
46e0807e,0
ab38cfec,1
d82c75a3,0
475e0ded,1
95be0c4a,0
29528c78,1
95c82482,0
20c6ccdc,0
b5176eed,1
6883085f,0
e9c6f04d,1
32f193a7,0
ec982f34,0
d1b5c154,0
63a01aed,0
56a8abf8,1
78dc375d,1
2f4dc902,0
14b2b918,1
62376469,1
732ab5bd,1
f699f31f,1
00ceea43,0
7a46ff70,1
55701b00,0
c1758945,1
d346b04f,0
bab00218,0
7cabbe40,0
2a18b003,1
b322b553,0
15f14c08,0
23cf5615,0
ebb59331,1
731e9e34,0
8460b2e7,1
d53cfc73,0
613aa72f,0
55f77882,1
2e7c5d31,0
3e8cc34a,0
f11793e1,1
4b9d4325,1
82024ed8,1
07366a4b,0
6d23a268,1
120d1bb0,1
182dfc04,0
915c5007,0
f5b05e07,1
fa668cac,0
f46ad647,1
302d5d54,0
9636964e,0
2ce3ae65,0
0d57dfd2,1
b597ee52,0
6499a888,1
5b4021d7,0
610617e0,0
520a94a9,1
714428a4,0
03af579a,1
5a5e0741,1
67c01fb5,0
aed9cc1f,1
0e95c4b9,0
3f92f5e8,1
72d368f7,0
b1a07393,1
d17ec789,0
1a10f1fc,0
3aef6c2a,1
722f0625,1
1a272c66,1
6142f7da,1
9e5fde60,1
31c91e2a,1
5e652675,1
9edc04cc,0
3be729b8,0
bb5181b0,0
787483c6,0
a7c01603,0
801c7155,1
333d4c31,1
f34d7984,0
540d0804,0
78bac041,0
f570f9d1,0
bf89d6e5,1
1f349c42,1
a948d934,1
6c229624,1
1388b5d0,1
f34d046b,0
cfaf501a,1
3831b588,1
3f36083e,1
3985da35,1
e905c88a,0
4ed62f2d,0
44c094b4,1
818d5bfb,0
30bf4a54,1
e136cac9,0
f3d2e2ee,0
c2f3e413,1
2b885153,0
764368eb,0
df26eb2c,0
16a63b1f,1
f573929f,1
d921f9f6,1
2b6b90de,1
6491ea40,0
74f6da4b,0
5c7c9935,0
6190500c,1
ff0729c8,1
506e8c02,0
2529b744,0
fa732864,0
81fe3e76,0
09d7e781,0
21c6f62f,0
fe4f5e8c,1
05ed28a5,0
6a61a1ac,1
3bb3a40a,1
759051b9,1
90d5ff02,1
e09666bb,0
0b7e94d2,0
4a7a4a1d,1
a21e4415,1
5b7da292,1
e88a819c,0
b5dce0f8,0
6ae52c20,0
209397a4,0
74dc6b6c,0
5377bfec,0
afff23b1,1
d650107d,0
7d65cb08,1
9a6a12f0,1
4663a23d,0
9f2da38a,1
3fbfdc75,1
e9acf9d7,1
f4c820e4,0
98851ad1,1
be166b8e,1
5fc32a9c,0
5dcc1914,1
2071f4cf,1
b405a6b9,0
4d596ae0,0
51eb1d56,1
ca486840,1
7c507b9d,1
6566a389,1
b0320785,1
92170ee2,1
2737b5fc,0
8ce6ec6b,0
03cd7b55,0
cdfbd4b0,0
ea9e8ebe,1
aa53e31b,1
8c4cf8ad,0
9d9b971d,1
e0df7447,0
4ac41c01,1
07dd1bc8,1
60a0ad3a,1
95d50c14,1
649512a2,1
11766fa9,1
f3bded1b,0
a2a3acea,1
7aae5e0d,1
5773f0dc,1
2692170b,0
ff152363,1
c1f8e9d0,0
26a49065,1
58a60c96,0
269e949f,1
d25a8020,0
7bcb2579,0
980c4591,0
57f5800a,0
003a6495,1
bc79e775,0
e4803286,0
cec2c285,1
9cf73ef4,1
bb70576b,1
20af0d88,0
d86ed6bc,0
cc3d2299,1
e9bdb770,1
eec14199,0
18c7ed1b,1
c09dd5b3,0
c0264b2e,1
bdda0b52,1
44b5c808,0
463c825e,0
9e1a3117,0
3234e7b3,0
4ee6dc56,1
67f214c3,1
cb70f394,0
72f3f8db,0
91f70c1f,0
95686f21,0
ee5d4c27,0
92072c2a,1
3932e987,0
b2c30121,0
6bcad331,0
2b2e041e,0
d671762e,0
b6dec76b,0
c8529d73,1
640091a7,1
c268d9cd,0
cb6ab971,0
263e60ce,1
96a8d752,0
6956e06b,1
2a410ecf,1
190e6bdf,1
5f2c77d6,1
23509982,0
f2e1578f,0
759970b7,0
72b0d3a4,0
7adf8ce5,0
1f9ea697,0
1064fb46,1
37ff37a1,0
063bcf40,1
b5a15613,1
8c074e9c,0
2973dce1,1
03cc8a2d,1
5e2d63af,0
1dc545cf,1
0b7ad948,1
0de42699,1
619f607d,0
27859987,0
80898e29,1
83345ac9,1
ad34fb9c,0
5d7379fc,1
d7ee8a61,1
bafc05a9,0
d7821f9c,1
329e9aba,1
0e88484f,0
8c5dab1c,0
f4aca61c,0
e25d8038,0
c89ce39d,0
82445952,0
d5c303ca,1
be589002,0
4463577f,0
811b3c84,0
f7cbd7fc,0
65c8abe0,0
8dbe1fdf,1
c0b22bea,1
42cc6695,0
61a25c2b,0
783a1959,1
40151672,1
14f81219,1
e5f273c8,1
02df830f,0
9a9bef0b,0
586eaacc,1
190f9321,1
c38ae10b,0
efdec56c,0
783dbb91,1
01bf0a35,0
967f3ded,1
96ca9f30,1
804d4f52,1
3dbfc879,1
9607694c,1
4bab4cbf,0
4dc69f29,1
3d30df33,0
4b1a8d4f,0
66681e55,0
c91eaa13,0
50846846,1
a5272148,1
45b69408,1
c53d6c84,0
4abe58df,0
9fa050fa,1
167ea9a0,1
90095bcc,1
70bb663a,0
9e9bddc6,0
6a3dbe82,0
592b621f,1
7b13caad,1
2794a1c2,1
6b28330d,1
446b8771,1
0d40195c,0
773f9f0c,1
b8ff7d65,1
018ba574,0
799783a5,0
0a361b52,1
3099a9b1,0
94040dc1,0
ea50d3e7,1
5d7a4f9e,0
750ab447,1
bf8cc974,1
2c48371d,1
9a646269,0
35fa06bf,0
9061fba1,1
05456f45,0
1ceaafb6,1
8745fc2b,0
3b7f39ef,0
ece1834a,1
3c660a3c,1
727696f5,0
3f371008,0
75b6de3f,0
a7dfa160,0
a73c1c55,0
104eabe4,0
6339a610,1
bfa23e10,1
b218c389,1
34e16d73,0
eeb8825a,1
ad005fe7,0
add8c738,0
20df7b00,1
0e665154,0
67966714,1
af16e687,1
f2d11308,0
b9eced35,1
aebdafa1,0
9bc7454d,0
46d985cd,0
0b48387c,0
1fffbf70,0
53249329,1
1233bd75,1
4798d581,1
98533fe4,0
55f4a936,0
d95881e8,1
044dc4d1,1
4f226194,1
568f02ee,0
82ec5b6f,0
d4d8c009,0
d62de07c,0
f4f8a234,0
368bbd3f,0
f0e5e3f6,1
03ebb5be,0
62257dad,1
ef408e58,1
21af5273,0
7a01cc7d,1
b84d4b1b,1
eac35dbe,0
c8c9758c,1
fb4bce7b,1
afad4abd,1
7d2070c4,1
5cad56cd,0
7fc5e2b3,1
8dcfaf6b,0
a6647a9a,1
1eb40235,1
1713525f,0
6fedfac5,1
17ada2c5,0
961693a6,1
7f38ea03,1
4faf6a9a,1
969eae28,0
ccad5bdb,0
7645053a,1
1cc6eb78,0
b3be4b23,1
751ba891,1
15c5e7ac,0
bcd33b16,1
459e6498,1
c1d3ddb7,0
87ebde10,1
ea2a8e95,1
4df8032c,0
118f2f63,1
049e56d2,0
434dbdec,1
1e6e2dae,0
bce18758,1
fd5dc708,1
a6928dcf,1
76c90b4a,0
7bc50dc4,0
dd334ac3,1
10604ab1,1
1597e6ce,0
c03eb173,1
95f0b90e,1
a6c50416,1
d82dde6e,1
0dca5867,1
401764ea,1
06a8d9a3,0
f12009a5,1
dd97ba91,0
c9fc304f,0
89e5be87,0
30480261,0
dfc9c136,1
4f96d3a3,0
40502333,0
171ef8a4,0
31e96ecd,1
42b1bd3f,1
1d5e19b8,1
166e9da5,0
e2b9804f,0
7406525a,0
5a5d46ec,0
b40f9ea1,1
4d20af89,1
71844f1a,1
6e20a370,0
999a3356,1
f86c706c,1
5abbbee3,0
ebe69de7,1
2225fa72,1
63d1c082,1
f016c2e5,0
ea1c1559,0
e8a38734,1
ff28d1c5,0
a7d6bc51,1
85ddfd5a,1
dc692c03,1
96fb8852,0
6cdf8461,1
0db07ffe,1
91eb709a,1
ecc66c69,1
d517c3b2,0
56f08bad,1
853cc15e,0
0516509c,1
df91cb8d,1
7765a270,0
5d240f0b,1
d2aa48ba,0
f6bfea09,0
79b7b2ca,0
4e7cbc62,0
4b838ad6,1
75b5b229,1
9c8b9537,1
2d4204ee,1
3a5c872a,1
efcea946,0
3e4fadef,0
70c655de,1
33dfe7d1,1
99e5cb32,0
6e4a1447,1
746b0ba7,1
1d6f05d9,0
5af73410,1
4756b01d,0
a3cfc3e3,0
2a64fe52,1
eeed79d9,0
15b35ff8,1
6a733424,0
2bfbfab6,1
b3261317,1
3600714c,1
2130c1bd,1
07af62da,1
24ff355e,0
9707c077,0
958810d2,0
bd8504ba,0
2bfe5662,1
f27c7553,1
6a451054,0
aa520223,1
92c267b7,0
50e1c6da,1
6573fdc2,1
4c16d8a0,0
d61c255e,1
73a0b624,1
cc2cb6cc,0
2e0f37bc,1
94231f11,1
662c2494,0
174f764e,0
1188c0b6,1
e98b40f3,1
0603fc80,0
d7089fb0,1
0b478514,1
8f088bbb,0
026b4542,1
de32cb61,1
95320f89,1
144294ca,0
d93b2b57,1
b31c5b70,1
20571924,0
73f65e48,1
52427c76,1
ccd2ca12,0
04c54602,0
51a43e83,1
f9822a34,1
f5734966,0
e2418195,1
2d55f92b,1
636500e8,1
84dd24a3,0
86fcdddf,0
698fedc1,0
8235480f,1
7e769c71,1
ef2eecaa,1
f9012048,0
5467c924,1
a2724653,1
7e2f9e8e,0
47c31de2,0
73625865,0
3f8eec58,0
9db74416,1
d78c37c5,1
872ab8d4,1
c0c1a781,0
4d016889,0
5cfc1e0b,1
442f0f8c,1
9087ef3b,1
f77dde0a,1
2b2b5a02,1
64d087d6,1
a66e4251,1
31adc9f3,0
995f34a6,1
79f1de1a,1
39a1fb5e,1
6a1ed79b,0
3585380a,0
42f0090a,0
d06e5b93,1
d7c56426,0
31891e1f,1
4d48fb41,0
8d227c43,0
5eb4f595,0
a909e060,0
4b5be3e9,0
eb3686ca,0
f732edc7,0
f87cfeee,1
9decce19,0
dd2e9f30,0
0cf8d452,1
3b5c23bb,0
87cac853,0
4c51b7f0,1
77dda5b4,0
c23b996d,1
b90c341e,0
95af79a4,1
4a50a422,1
ac110789,0
88c5f894,1
aa90fc1f,0
e257ab3d,0
74f7abe4,0
7d0ce029,1
cd575ed1,1
2afa0ff3,1
2d657ff9,0
7193f2d3,0
03883b0f,0
7e0e6b3e,1
6af79a32,0
57b5dd01,0
6db5682a,0
bbba43b9,1
8bd6eac5,0
dc8273b8,0
42508a29,0
25c57839,1
feda6913,1
2c4285a3,0
374e7602,1
715dae20,1
7a273b45,0
fa03d8e1,0
3e8b4fa8,1
8a5e41a5,0
9fd6f953,0
3efb716d,0
5adda23a,0
32b9c0c8,0
604aa70c,0
058fb3cd,0
04fd113b,0
7411515a,0
695f3656,1
72b322e4,1
ec8fa716,1
127ae012,0
9e1e65ce,0
fb404ff3,0
7ae1a9d4,1
6e5ba7e0,0
d76b1199,0
04c276db,0
3411b392,0
4d671b31,0
0ecf6990,1
c1d11141,1
74d49cda,1
8fb0e41f,1
43aef0be,1
6680d798,0
92f715b2,1
1d269e0d,0
84227de0,1
5a23c9fd,0
e05d0260,0
a9cbe4f8,0
ae5a323c,0
12a0dc7a,1
2633980e,1
a0d3078b,0
8d601861,0
21f75b23,1
5c9777c2,1
4576da12,0
5dab46ab,1
cafc40b3,1
23406dd4,0
1abfe2dc,1
1f44785f,0
ea13948c,1
d7b224b3,1
81c519a6,0
0385250c,0
0196af0f,1
1797b2a6,1
e3535f6f,1
fce52f7a,1
ffab4118,1
2d04c80c,0
c213c8d0,1
f6287f1b,0
fcb95387,1
4b602a8c,1
03071dfc,0
3f0e8188,1
dc4dbe54,0
8277cd0f,1
ed9d64d8,1
447c2400,1
439ef477,0
e5eb9014,1
ccb830af,0
8576af55,0
4eda7d82,1
309d76e0,0
7f87a111,1
e29c7fd2,0
bff329ec,1
32c87e83,0
5fe4ff56,1
f36294f2,0
df0577fe,0
5ba32260,1
c7940a29,1
a5447747,1
1be9ec73,1
09814558,1
559fb5ba,0
c99b68fa,1
03b125c3,0
deec9654,1
24bf740b,0
e66caee6,0
9eb6ea26,1
c6c765ff,0
a24162aa,1
2d4a7872,0
32a298bd,0
a4fd274f,1
864cbf04,0
0b7c3de5,1
88be10af,1
f98ce078,0
19960f0b,0
07c37e6e,1
8770ff9e,0
32c9e01b,1
bc82918a,0
677ac0b0,1
71b89fd9,0
940d5294,0
375ae072,0
4ed435f0,1
84e113fe,1
6e18ecb9,0
9188274c,0
8bf07254,1
213aff47,0
dbd52784,0
a9898b5f,1
a86493d4,0
2b0e55c8,0
6e00cc1b,1
5c0096cd,0
5dc9ee01,0
60afc730,0
53df546a,1
01eb1b83,0
364ac944,0
9d0062d6,1
a34e09b5,1
79ee79fc,0
d6756754,1
cbdf2578,1
55169b91,1
e17c6fea,1
7dfdf59e,1
40a69eab,0
da54e30c,0
e3b4f70b,0
93895131,1
0c4914e3,1
d3cbc566,1
12503517,0
0ac06ec5,1
3c6d7ede,1
f91b5d69,1
b096c97c,0
d81c4c1e,1
f39471c1,0
fb9ca8a5,0
edf456b0,1
a3dae37d,1
c0501eb4,0
5da90cd1,0
487c9d77,1
00a4632c,0
b3952ae0,1
132ef580,0
984c07f2,0
63f7010d,0
19863a0d,1
48b47c7e,0
c02c6c59,0
a217cca6,1
5abc9e5b,0
60996817,0
c02b4f50,0
d55a3b62,0
34fef0cd,1
219b2ff8,0
048bf0af,0
cc311968,1
6af171cd,0
f052152c,0
7ae7151c,0
5cbe4c65,1
d4f109ab,0
6cd4d6b9,0
985d6df6,0
ebed279b,1
f87e3ffd,0
99b694f4,0
1eba5a48,0
1631c817,1
49de38bd,1
c3e0c725,1
d2ab505f,1
860c3ccf,1
4682b437,1
891bbe5a,0
74706d65,0
04be3ca8,1
328b669c,0
2c8cd39a,1
365ac709,1
dd4bd0b6,0
89c8ccc1,0
69580eba,0
d3907760,0
717020c9,0
09502a9c,0
2eb4a282,0
adeb0092,1
dff414a7,0
44810d4d,0
ca544fd7,1
31a50042,0
de57011c,1
ba399391,1
c12d2f05,1
50df8823,0
3384a758,0
cef0542e,0
b581db49,0
afcf4687,1
f64f1d54,1
c6f6d1af,1
a3b0fac8,1
8083c609,1
ae757013,0
f6d9ea79,0
82ba02ee,1
959ce889,0
c8276550,0
5aa02657,1
ba58bdb5,1
fcb09344,0
77c17004,1
83e6a745,0
f91f5c91,1
cd13b596,1
965effea,0
37cf5783,0
cd074400,0
47f47f14,0
2120d956,0
78e8c7ee,0
10d0ef96,1
328f5254,0
4d27ec92,1
a8088286,1
ae2d79b3,1
17782336,1
be2050c4,0
0bc8834d,0
519799d3,1
5497b1ce,1
de95c5fc,0
1088df0b,1
345cbb68,1
1d521b04,1
a926ed5c,0
effa8044,1
0167d587,1
632826f0,0
f6a61165,1
e25cd26b,0
887fbffc,1
304905ec,0
2a7b65a8,0
57adc9ab,1
0269e6ef,1
a5089643,1
ba46b82f,1
b4f8a81f,1
e3246060,1
1d48cced,1
d8545c2d,1
7489174e,1
0976f33c,1
60ea101a,0
a7b91317,0
8a10237b,1
fc094462,0
695bcb81,1
8d6649fe,0
e8be2291,1
b50c4917,0
ab2707c1,0
6ea20f8a,0
cbc623e7,1
81b240e1,1
8243bc50,0
deab891e,1
605acfde,0
362685fe,0
01e3a386,1
73b6bcf1,0
7a091e07,0
b1315e16,1
f7bf2e1d,0
c7e21260,1
e533287f,0
23939763,0
0635ae97,1
266a0900,1
96671559,0
a9733428,0
591e6ec2,0
510be574,1
8355b6a5,1
14740943,1
28131ae2,0
f5bdc486,1
b22ab986,1
806a39e2,1
21390aef,0
e409552b,0
e3f6291f,0
3f501f28,1
c75b86b7,1
5923b1f1,0
c9e98a94,0
420eed1b,0
60ff5e88,0
2555bf56,0
aa510545,0
b52b6d79,1
2593561c,0
48b3b4ef,1
af93ffc1,0
967f719f,0
19c24488,1
52d2ef2f,1
b6c974ed,0
89af1f6b,1
34c45865,1
04f58e34,1
9a4aae64,1
c9a7c7be,1
699a4372,1
947929e1,1
ab66bc63,0
6aab7e9f,1
ce676872,0
fc45a752,0
62dbd5ab,0
150252b9,0
591cf031,1
17c534d8,0
8b7e7526,1
671d269d,0
79975f02,0
22a64626,1
728b8e2c,1
dcd5cb5f,0
96cf84bb,0
9dfa4a76,1
5c926950,0
e85cbaaf,0
72e1d51d,0
2d089cb8,0
4119c062,1
c6b22867,0
89f895e6,0
50a690f6,0
615cfba9,1
02f49e53,0
1ebebb79,1
beb9a55b,0
2d316063,1
c8370481,0
38f047c0,0
720b0e9d,0
9794a118,1
d2aed3b6,1
64b808c3,1
3a0c8d71,0
be321fbc,1
6063844f,0
38dbccb3,1
0abeb30d,1
9fcbebaa,0
90b85c61,1
71356421,1
1b3feb30,1
13ab6f68,1
50d676b1,1
35286ba3,1
3f92f05a,0
770be6f4,1
2382a97d,0
26eb177d,1
8f9af3ac,0
253ee73d,0
81c44b3b,1
056a5f2c,0
6837e1b4,0
0968d558,0
c085d65e,0
10734479,0
d1da26c2,1
9f60d1b0,0
284447a2,0
f43593af,1
34f2b7c1,1
10d8b628,1
c55074b5,1
69b4292a,0
29e17d84,1
61e471d2,1
70f0cf40,1
e30bb1d1,1
b36f3264,0
ea2f0dc1,0
e7816c5d,0
68ef8323,1
7fbf6677,1
510f67df,1
02b14637,1
331e38f6,1
b21b3b31,0
3e9e1398,1
03f4f669,1
4348a900,0
4e3bd3b9,1
ca0b94ee,1
403e1b9f,1
98f215c5,0
7cc4c7f5,0
a27f6707,1
8c6fd01e,0
7bb70b2a,0
f4f40cb9,0
aa98b003,1
81d1cafd,1
4da0af08,1
f20dd8c8,1
dff31d9b,1
ce1231de,1
9b1886c9,1
dac4c8e0,1
b8525620,0
a48bf072,0
ea163c1c,1
56e37e55,1
dda3b76a,1
c6e8c9fc,0
e4c741cc,0
252c4f2e,1
8e5ad309,0
df0a8689,1
cecc4503,0
bcdeac50,0
5838da19,1
8a46c719,0
2831a412,0
4b399c0b,1
37f53506,1
0f276b52,1
63031bf2,1
22dc5668,1
ed86f484,1
0bd3fbde,1
39bc47b7,0
f7a6563f,0
275d49a3,1
31242151,1
6a3db9c6,1
8946bf74,1
dc370f8a,1
536e3561,0
682db561,0
2ad26d80,1
371c5847,1
eab8d50a,0
87bc7693,0
de972e30,0
5987a29c,1
46ac9a71,1
a71b45f1,0
effe5627,1
1ceb4168,1
13944554,1
daf10220,1
9ddffe61,0
9577c1d7,1
7ad1cf89,0
b9ae4d78,0
fa04596c,1
f068cccb,1
689854c7,0
32498ff4,0
7d044486,1
00394cbd,1
06e883ac,1
4f2b088a,0
a46cb453,1
2b6e3d60,0
20f842bf,1
241fa736,0
1e55db0c,1
c2ceae02,0
dfb34223,0
3462199e,1
a093fe44,0
f14b8c74,0
94ebe7e5,0
b46402fd,1
a0cf17a7,0
9990f8a0,1
30777947,1
378886a3,1
8374f384,1
372f87d5,1
48e6e71b,1
725c1b7a,0
8b406921,1
5857cce2,1
683bbb86,1
b02053fe,0
bcffe5d7,1
6692df97,1
89f7e712,1
0800c000,0
0521988f,1
174896ba,0
d91dcc33,0
2d32b504,0
d2f2992f,1
3f71da02,0
09e885b2,1
107ce92a,1
795d3d59,1
1d358172,0
34268103,0
1b1a3ba9,0
23964753,1
f71f033e,1
84a1a8c4,0
4899798c,0
83debcff,0
49d9de12,0
edbdbe02,1
62d98017,0
e49d2b1c,0
f9eeab48,0
61c75210,0
6e448ea7,1
4b094c60,0
36668951,1
083782b1,1
2d348821,1
d933510d,0
fd0a6dbf,0
68e89053,0
6e1efde8,1
6ce1ddb2,0
751a19ec,0
f3c4d5a7,0
8c95be43,0
d37eeec3,0
da9ce0c7,1
f8299e39,0
c2127d40,1
07a2c2e4,0
7aa6134c,1
c928eac7,0
ba5f9d08,0
4af02f51,0
55ba2260,0
73b3e4a7,0
5b4472c6,1
d88b5b74,0
90bfe20a,0
3f0bc1ad,0
53a7ac39,0
5397a6dc,1
af546f4e,1
4b3e3809,0
f6eb5ed9,1
737be87e,0
bbd94faa,1
22be2608,1
a0e478d7,1
6c9e5307,1
0b214359,1
8f557b3d,1
d032faef,1
8ffba322,1
fb78bdd3,0
f4274c41,0
7a9632af,1
97710daa,0
31c7ef48,0
b3da5630,0
04985d8b,0
86f5dc11,1
8c288e64,0
ee59cc2e,0
ae86b992,0
cab2800d,0
39479d1e,0
aaa3f03d,0
22d36b9d,1
35c7afe9,0
acd661ec,0
65d8856d,0
c086dfbd,0
c1a18e1e,1
02f371c5,0
264e6248,0
84d6816b,0
e797199c,0
28f3c5b6,0
ef3140c0,0
77c73ebe,0
75316606,0
b8164360,0
deb0168a,0
bae9dba4,0
02f64109,1
1122bdae,1
4f206d65,1
a5e7ec4a,1
96550bc8,0
2c9cf514,0
f37d28f7,1
a0911305,0
659a903d,1
c3f7da1b,1
188788f4,1
2391c5df,1
f15af1ad,1
703269ee,1
2318f30b,0
7eccc705,0
5fd1432b,0
83be72ca,0
4945fd68,0
300ca492,1
c5465d3e,1
c4a0f403,0
fd6db53c,1
70efe423,1
1d53cf53,1
5ccb9319,0
dff79cc4,1
a7e10438,0
3d5ca208,1
fcca1cec,0
b3d5548c,1
c4e329c9,0
3f601c3e,0
3aba80ef,0
1281afd0,0
e1bb08b0,0
b5be12fd,1
36a85001,1
4f04f60c,1
d9d979b3,1
56126ca0,1
4c4feb4b,1
6a44c72e,0
ccfb56f0,1
05a84fed,1
9d32848f,1
eae5e3a9,1
1d20e118,1
b18632ae,0
f15ccd78,0
fb8be1e9,0
9a966bce,1
d3e8dd70,0
6a8e0a1f,1
b48b010c,0
c60f2058,0
c1aeff9c,1
dd802fac,1
ea3d453d,1
384f7cc7,0
67cf238c,0
d376de4b,0
5cfc959a,0
692df69e,1
49a0b1aa,1
ed70a990,1
bb95f505,1
e8e3698b,1
d761be2c,0
909038a3,1
f14bfd9d,1
16e423f4,1
3f8ae85f,0
ce4e0276,1
b5addc62,1
2862fb9a,0
264f9d30,1
ea1675d7,1
453963ec,0
94e0b444,0
3d4f2e59,1
9b14bbe6,0
ea971d91,0
633a3baf,0
a7bd0d55,0
fe317b9e,0
8f9b33c2,0
5bd6bfa2,1
2f1b2360,0
879e56b7,0
369cb532,1
2d358c14,1
cc11b64e,1
82dd24c1,1
40ea1a91,0
16040776,1
27a8277d,1
2d7c73b8,1
757d88a0,0
0273cd70,1
78a6563b,1
9968a491,0
36b57f6c,0
201569ff,0
d27d50e4,1
fc603f3f,0
345631df,0
388e3f3a,0
2a4460e6,0
01b8a7cf,1
47dfabb7,1
4ee836e2,1
a624e76d,1
a2608b03,0
7516dd15,0
a15fb22d,1
53ec0b47,1
b4dc02f9,0
3a96b392,0
f49ee9f3,1
9e4f9f52,1
da9337e5,0
19d06d54,0
f782a4b3,1
4a16db51,1
436ab869,1
176b2a9f,0
7a98119f,0
c162a85d,0
aa9d028b,0
15188128,1
54ff8811,1
47c13cb6,0
44c93f48,0
defd1e01,1
e4aedb73,1
ec52ddee,0
d7081acf,0
12b35705,1
11ca8236,1
b2fbb0e4,1
e98876ed,1
6b8ea012,0
6bfce154,0
03b2ed23,0
1b0ee763,1
bc2de6b5,1
c08c009b,0
1bfe4c0b,1
a99c7cf7,0
4263f8d6,1
88a39001,1
67d23c01,0
ad96df8e,0
c272778a,0
0258106f,0
5db5b244,0
490d85dd,1
cd146fbd,0
7ce75996,1
a89c4a51,0
a7072025,0
2308b3cc,0
65e2d883,1
04c4cd92,0
4096096f,0
44c53f14,0
8f54ff0a,1
b46540c1,0
b180b388,0
cf9b8a9e,1
e984641f,1
13449ac9,0
8f211eac,0
514157d7,1
283118c7,0
ae2ed955,1
ff989d04,1
f2112fbd,0
b36bb133,0
a6bd517b,1
81152915,0
b1cb6cd3,0
0f6b73d8,0
ce0f1c39,0
095a232e,1
811b1cad,0
810ba0f2,1
6896a323,1
335d2cbe,0
16440d31,1
c1a34e03,1
83a0b442,1
194a0a5f,0
ebeb3356,1
39b37802,1
dacce34e,0
b288dab0,1
42b3a07e,0
ae9c1682,0
e98d0a6e,0
48524968,0
e366cf49,1
b8e02de9,0
d788c15b,0
ff89dbc6,0
d2c158ed,0
003a36a5,0
38989512,0
ddd8564c,0
1091c05a,0
ae40e3e5,0
da0f16dd,1
c2db0362,1
fe02e6fa,0
1a6d0c6b,1
796907c3,1
29d077da,1
74cea466,0
3122dd19,1
eac1e5bf,0
2c4171fe,0
0dd73f58,0
c5d54210,1
07460575,1
216c88a0,0
7d8879f2,1
ee563b06,1
9a02e7af,1
6b240d23,0
47174479,1
a8dd45d6,0
46465ccf,1
d0a08b20,1
2ddfe122,0
2715dcb5,1
c086b4de,1
82fb367d,0
acc26f7a,1
5c227a66,1
9cef753a,0
67b82801,0
c4800294,0
5c509057,1
da2b8762,0
aaef1a6e,0
49931af8,0
d6d79ab5,1
a158ba72,1
af051c61,0
14ba733e,1
100c03ab,0
ad82461b,1
354c79b0,0
2e8764dc,0
dbde48f5,0
c15a686b,0
b89575ab,1
f2517dc7,0
5b503985,0
2473e08c,0
379a79e2,0
178e5703,1
497e631e,0
93844c6b,0
88c2ad43,0
84c4fdb2,1
195fcb94,0
cbff65e2,0
18e67c4a,1
20f00bd2,0
f632f861,1
63afda9a,0
2cf6f5b4,0
e21bce5b,1
30480d14,1
97158822,0
9ba40344,0
b06e5bf3,1
f8697a1a,1
2182590e,0
68b9ecbc,1
a5382ec7,0
e5d80b10,0
8485b801,1
5867f93f,1
0f9203a9,0
b168b17e,0
8ea079ee,1
1abb1f09,1
eb8578e7,0
e4e42f7b,0
38a3d717,1
0d149bce,1
74a309d2,0
d5ac216f,1
c722e5c8,1
29a5fa15,1
4d2e818f,0
45361705,1
8dc9c7b9,0
5fbe882e,0
7a95a318,0
f9a8d6d3,1
0a4d8341,1
a188996a,1
3ef98856,1
bc6f8e68,0
17c8e4fd,0
ecb3122b,0
1fe0b248,0
d73557d6,0
0ea2e45b,1
f21fd4db,0
8bc0776d,0
12cead33,0
7ecdaaff,0
bbc47b88,0
5f0e49bf,1
e744e698,0
f8481e06,1
49d4e236,1
412c3e73,1
ceaeb3a0,0
37e452f7,1
ca649d21,1
c9a8c1c5,0
a3c214e8,0
4ca1b2cd,1
8184a191,1
cfa4eb70,1
446f3d80,0
bb4caf92,1
20aeb965,1
3a7bcd8f,1
3c338b9d,1
1832de2d,1
ddbec730,0
f0cf8ca5,0
a07f02a2,0
0973c39e,0
b27aef47,1
ec7a5d45,0
8f44df1a,1
3f94798f,1
3b29419c,0
5ac0f369,1
efd9f785,1
01561292,0
1a34abff,1
140665f7,0
b3eeda0d,0
e5a21e1d,1
a0f022e2,0
2a51a383,1
52d796a8,0
3c87dfa2,0
9ce5938b,1
0a66d3fc,0
2dd3a917,1
b0b48f79,1
4680092b,0
282d8ae0,1
9f9108fd,0
6e4a9ccc,1
53d175ef,1
142ad9cd,1
df5a48db,0
040f6921,1
cdbd9ed4,1
a3eb5613,0
028fa4e7,0
800d331f,1
196ac2a9,1
a6925c24,0
d0e709c8,0
c8f6ff21,1
541a6351,1
c7d84ff1,0
d863e31a,1
afaabda3,1
17efdcd5,1
f616270a,1
0a19344d,1
135b9e5b,0
d8b34a5c,1
fa1424eb,1
ab54fd18,0
352de2f3,1
7c8700fd,0
7c62d0f4,0
65617ba8,1
dc774a44,0
d28b2e5a,1
29e6a939,0
4ed89442,1
c88d97b5,0
0a602bf6,0
ecf2c2b6,0
c3ccec79,1
1bf6e15d,0
6ccc9d65,1
c64930e1,1
79e9f43a,0
afef8c57,0
cf835602,0
96a965e2,0
ef1cbed7,1
bac5d34a,0
48f43750,1
e8c7c2f6,0
bd9dc807,0
2777e73c,0
03750527,1
b6062fdf,0
3d090984,1
845c60d6,1
e166e7d7,0
4a0bc905,0
91389f44,1
2f2d8a73,1
a4cfff9e,1
64224069,0
ba349aaa,0
2e3b3166,1
48ae100b,1
909f6b16,0
a1268b2f,1
3eca8b28,1
832b1240,0
bee52739,0
709b24e9,0
45f76561,0
70ad32c2,0
3dd6f49a,1
67ef4257,1
3668e683,0
57a5dbe0,0
03469e8a,0
49d7494f,1
8996f709,0
0f86a4cf,1
55f56649,0
8da17921,1
6a1a0cd5,1
51c3a7c1,0
5fd46bf2,1
d79f5ee2,1
4255847e,1
53870010,0
c4c0f36c,1
599fe788,0
380c9b21,0
428278ce,1
a47e5f78,1
015d2ff5,1
df11e042,0
96c68332,1
3f84d825,0
68fae5be,1
a7485c46,1
94be9f3e,0
16c50cd9,0
29e24bcc,1
3ca578eb,0
4f00ef42,1
d709e533,1
d4b5c781,0
12706055,1
de30f095,1
8d681f34,1
6e03ff92,0
d5f30b59,1
492838fb,1
ed1652af,1
845b7ee1,1
64171fb7,1
86af5af5,0
5558ebec,0
7068dd4f,0
87ef19b1,0
2667176c,1
46eb5d83,0
5e53229c,0
ca9e8c51,0
42a26599,1
8d3a1bce,0
ce21a704,1
530fe0d4,1
df4ca0b0,1
9fd625a0,0
8b60384d,1
8e5828cd,0
2bf661db,1
d8d25e39,1
d21e6121,0
bfcf77db,0
d3c6f83e,0
56edc328,1
d118ff9e,1
9d664578,0
2e6b6f83,1
07f251c6,1
e300f604,1
6f906302,0
b74c0c6d,1
dc921e62,0
0ea9b997,0
b4238ee1,0
ed0ed8cb,0
8df58c5a,0
fab94c0f,0
82cd9ed7,0
d4f806d9,1
8a5fa619,1
b2167c7d,0
bc0af88d,1
50c98194,1
1d25b76a,1
2c1d434b,1
92b97e84,0
b562d4a0,0
27f8fa18,1
081f1cb7,0
4f97ce82,1
731a9d0d,1
ccd0ebe3,0
f9ccc90f,1
45786f3c,0
7eb9ee32,1
26c9f4f8,1
f4de41ad,1
491c1efe,0
b5ce9f23,1
a90ae884,1
e18a5f27,0
087c522d,0
bb6d97f3,1
250449d1,0
6b6845ff,1
0d62c980,0
7d142206,0
77808b4e,1
68562f94,1
74b28738,1
e0ca920e,0
b47dc2a9,0
10dc3dfe,0
deed5962,1
13ef1329,1
c9a05312,0
897f5b54,0
89e96f36,1
56d192f1,1
ff584f42,1
c593b08e,1
abcdbfd3,0
0b556595,1
024d954f,1
e5d7ec5c,1
9cdd0d22,1
6c6036ea,1
3170c25d,0
176e681f,0
f3e6be49,0
173c01f8,1
de7cb5d0,0
7659084d,1
3aaad2da,0
8cea644e,0
8dc7546f,1
38e5db31,0
2284b1d9,1
e875588a,0
346249b9,0
70163952,1
4f9bc985,0
ad05c5c5,1
1aa9691f,1
18da89ad,0
f1801c43,0
8e9c3a3b,0
dee36acf,1
ee29e923,0
4b4f5b4a,1
297ffe90,1
07d6db31,0
4f94168b,1
adf28143,1
37e32759,0
2f5405b6,0
e0663dc5,0
f8372eaa,1
7349ef6b,1
f99e55a6,1
432c515f,1
2ece57d9,0
8f29aae6,0
9726de4c,0
48c76de8,1
d22ec404,0
ff17c3a3,0
df67c43a,1
4fbe739e,1
dce7ed8a,0
b3b8f498,0
ac142c64,0
53f3a5d6,1
e98f3bd0,1
7f28869e,0
5c8debf0,1
1f7db884,0
b03010d7,0
70169705,0
f9d9e13a,0
545b70d5,0
a215d1e7,1
010ebf26,1
31a86e9f,1
aba82618,1
a83afcb2,1
e7025e4d,0
b2151003,0
097b74f7,1
c3102ff8,1
39b3d92e,0
dcdac4da,1
6435a2b8,0
096cd5de,1
f16cea6e,1
50a1206e,0
74a72354,0
9fff1e2a,0
78a92a11,0
c4b1428e,0
80eb545e,0
b6c3b4f3,1
551ca3b5,0
608df192,0
48cc6e9b,0
7f7955e0,0
4414f854,0
99f251db,1
17243ea7,0
62536771,0
f8128e6a,1
7beccc18,0
c8642d87,0
64a949ef,1
199d5252,0
1f7d07b5,1
9324e937,0
ca39d4be,1
1318e537,0
a96efef0,1
b8f2a4d3,1
3b721fd2,0
66fb19a2,0
ee95b9db,0
61501432,1
f2a2599c,0
18211fcf,1
bc43127c,1
0a29077d,0
d3ff60b7,1
2a841ed7,1
f9376254,1
9a14ef3d,1
302738c3,1
6f4a16b5,1
401cdaa2,0
d389cd8b,0
8d2a346f,0
0b7461fc,1
614b1e4f,1
cd4127dc,0
908b84ac,1
3a06b02d,0
4ee124eb,0
44920822,1
e51f1f9b,1
7567241d,0
24471e28,0
2a0ca052,0
b2b1648a,0
2d407d19,0
91ee5dac,0
7405ba75,0
0b154ae3,1
073a874e,0
8ad4ba4f,0
24081c4e,0
197421db,1
4ade6b37,1
0b222139,0
b874240c,1
56e6506d,0
57ee8926,0
ad12b452,1
060b49c1,1
31fa0bdc,0
fc7f3f01,0
cd0cc8b7,1
997dfdba,1
b64c4e42,1
b3585ad7,0
5812fea9,0
d7e68f07,1
e0f7f3af,0
c86e6b5e,0
588a8e2f,0
0c81fdb1,1
9e12700f,1
f1d88279,1
bc039c66,1
482f4679,0
cde7832a,0
2e2c9eee,0
7de6ef14,1
39848968,0
85251356,0
a507e9a4,1
121ecc8c,1
ab87da4c,0
cb4249b2,1
9ece1a8b,0
3a92db63,1
60b5b5bb,1
b771c675,0
35a77bb2,1
c6e8e74e,1
d3d09dd6,1
aabeb43a,0
1d24c04b,0
32201a3f,1
a3941390,1
65e0e5b9,0
370a3dfc,0
0dbc977e,1
217b7f8c,1
d507f8d0,1
4f3bc321,1
9d4de02c,0
bfbb3102,1
cbcb4fbc,0
ebaffeef,0
6753122d,1
1a146b15,0
f53b3deb,0
8af72dde,0
6ac38759,1
fa2f3164,0
580c383a,1
1b833f0a,0
27e83aa2,0
50455a3b,1
82dcef3a,0
eee0534c,0
221b16c7,0
7d48fd9d,1
c687b808,0
c63b037f,0
186ee4a6,0
2a1ba38b,0
89c3c095,1
79f08609,1
c8a67671,1
14e0635a,0
3eb474e7,1
5c6264fb,1
98b72c57,1
7d22e0be,1
e19ea622,0
1014796e,1
628ba1b2,1
e6c298fe,1
429a3561,0
8d0c4cc8,1
50df6202,1
bac960ca,0
396f4f49,1
15bcd93c,1
ed21dea8,0
a2412297,1
f023b902,1
83d2075d,0
91c84ebd,1
9e94eb99,1
d1312654,1
dc7ddae1,1
a39be14f,0
bbdab12b,0
b34d430b,0
53a500a6,0
acf75a62,1
7ff274a3,1
9116cc8d,1
780d81e5,1
29402efa,0
8706c634,0
87af7496,0
40c8fbd7,0
c1909d65,0
5e25c54d,0
cd693797,1
1d362bbb,1
8685802f,0
104e713b,0
939d496a,0
6b74ace2,1
901480cb,0
841a66c6,0
dbdb5459,0
c64a9332,1
c2d62637,1
f865ffa1,1
8601ed82,0
344155ff,0
776b4cf7,1
82c012ca,0
657ef597,1
68c4cc9b,1
15c0c7e0,0
4b02f0b7,1
632f02ea,1
39761a0b,0
100eeaec,1
b6917a48,1
a86defc6,0
93622779,0
41e9ac91,1
1784573d,0
8bd2fd13,0
baf9d90b,1
e5b1dc50,1
1dcd661c,0
fef15059,1
102eadb4,0
3197bccf,0
537f6823,1
def797fe,1
b4582597,1
a1323c65,1
e268d9c5,1
3128ea31,0
949e735a,0
a3847a0a,0
cf9e1d0a,0
6e1f3666,0
6c289adf,1
5abc3e81,0
af925436,0
77a76a8e,1
9f7cfb9e,1
77591d84,0
c19387b3,1
39382297,0
68af0da7,0
39f9ccf5,1
5e078305,0
f41eecdd,1
6df16a40,1
ff5bf570,1
9f1c4ba9,1
5a45df53,0
3be572a7,1
247fa114,0
94538f4b,1
d26e94df,0
2ab0f63e,0
1974a4ff,0
9743f91d,0
b4d3beb3,1
7ced3aff,0
dfdc742c,1
e1c2d2d1,1
3edddabb,0
aef54f7c,1
dc174354,0
4efdcdc5,0
1ac03ec9,1
fb28f2ab,1
9948ce82,0
7f7e6c49,1
b2eee97c,1
9fe9f44a,0
ce6a09fa,1
a702d1f8,0
8a134409,1
d460d26c,1
ddc0468a,1
a089f2ea,0
cbb058ee,0
28220d9f,0
94487d7f,1
888e4384,1
a3164dab,0
fff3abb3,1
f7eef061,0
197743c3,0
698dcf29,0
d7b69708,1
b5311661,0
054bbc6a,0
9f5900fb,1
fc975cdb,1
3e202c21,0
0e836936,1
c4d9f8ba,1
4fc9aa27,1
14364c92,1
a4e85949,0
9718be50,1
9ee07e3c,1
502811c2,1
af31184f,0
abc72775,0
f1e6cb74,1
d1cb5d54,1
5cdc195b,0
4faa8a71,0
bceb1ad0,1
a04ffdc4,1
1dee0afd,1
c523ea07,1
b02b5655,0
7f1a7da3,0
e4133ee4,1
c498b81d,1
1c691b18,1
5fcc5b6e,0
8eddc9ea,0
5e800b7a,0
36c5fc04,0
61528baf,0
4b2c3f51,0
0670f7b4,0
3c8cae92,1
abe4ea78,1
e0175d7d,1
370bfc5d,0
f4eae32b,1
1f0edf09,0
dd1e5eb0,1
4bd81e84,0
99c9906b,0
1ed639f7,1
eebf175e,0
6a152e52,0
717c394d,0
ab4df405,0
3580e5aa,0
beb2e837,1
80009acd,0
5a91db6f,1
61f3e416,1
a47b9187,1
05de3e09,1
48dc5065,1
edcce711,0
85a564fb,1
f962f092,0
42506ea5,1
5a68dcb0,0
8403862f,1
fc48803b,0
a584afed,1
55fbdc9f,0
b1637a4f,1
7bcbcc27,0
3f7aaf1d,1
141328fc,0
ba25ccf9,0
b10b8290,0
b06bf3f1,0
dd2d88ad,1
435c9eb8,1
384f48eb,1
dc2dbc0a,1
4e6215ea,0
71806ff3,1
369518b5,0
89dbbc9f,0
ada98e21,0
8609fbe2,1
273d14d5,0
6e2df556,0
88865ae5,1
b92adf0c,1
79ab709a,0
218fcd65,1
5bb8abae,0
00c707ff,0
235e107e,1
ef023d3c,1
4ad17394,0
3b85e50b,1
a8ab7224,0
75f7b479,0
04f99cf9,1
67f1b06a,0
e029b2df,1
af19862c,1
28924029,0
7a94e5a2,0
7d002341,1
e98e535a,0
af72eef4,0
487251e8,0
8c41b4a8,1
f302031f,1
08377131,1
e911f6e4,0
07c9310e,0
ff58d733,0
de22dc3e,0
14198f76,0
7abc3cc3,1
4f4fcf75,0
772094a1,1
d5db39d0,0
42261064,1
4aa9386c,1
a2e93a82,1
d8276ad5,0
2024b5b4,0
81498925,1
5ceab4c3,0
0e084bea,0
c12d2d2f,1
36a6a115,1
c92e959b,1
ab02c942,1
dcf6d937,0
1bd59ca2,1
e3f6c5db,1
b1a6500f,1
1db0c287,0
a029b279,1
c582b0ec,0
609b088d,0
c5cda015,1
c999b4fe,1
da7af1d1,1
a5f64e81,0
6e50ab99,1
2c133838,0
3780aff5,0
da20f0e5,1
4499dfc6,1
1cd4212a,1
7784df63,1
ff09b605,1
93e30662,0
dbbc3fd7,1
c13bb87c,0
93b79a46,0
9430d0bc,0
e4b8fe96,1
a0bcff81,0
3f10ad90,1
09c98f04,0
99193f74,0
9cbbc630,1
c2ead260,1
b21e4f41,1
5beb70c6,1
b4e65858,0
cb0a6624,1
71007b64,1
beca880c,1
a9bf12c7,0
63dc3399,0
96a73bae,1
1191443b,0
110e3d04,0
2b896294,1
9aec7334,0
cac82ff8,1
f17f6b51,0
ef4d7645,0
f2c3462e,1
6fa549a1,0
abb353ab,1
a4578af7,1
da5b3743,0
6bbe131c,1
2faff9c4,0
3df60b2e,0
c2a75f5e,1
aa48b0e6,0
31a7ce8d,1
0a1a2892,1
5d72cb8f,1
53326f8e,1
9c97b617,1
4825de32,1
680e3cd9,0
0ee65865,0
655803df,0
b7656054,0
09e02d6c,1
3cd8e36b,1
c50db507,0
e4967762,1
ba85e835,0
1b680b0a,1
a3169c0c,1
3b990777,1
ae9a81a0,0
8ffb9a17,1
e6c21095,1
525fc453,0
a60c5465,1
dc2d2e36,0
dcbf589a,0
0e939299,0
3f0a0ccb,0
89292b6d,0
900dd95a,1
dcc59d11,1
b1121d89,0
0e58056b,1
ab2e4f32,0
763e29b4,0
f40e722b,0
fcfe1d56,1
43b36841,1
3e8a2711,0
2ef34a5b,0
a2019acf,1
55728f54,0
778121bb,1
f4aad636,0
89953341,1
4ed54600,1
a400b478,1
a1fa4f1e,0
f7a5a548,0
1d04c7e0,1
40ac0a73,0
7a4ddaf1,0
eef2f1ec,1
c02ee5f7,1
a6894efa,1
1fc7a099,0
069e4171,1
5562a2c3,1
374bc665,1
c889cd8a,0
b088dfc8,1
154cae9b,0
cdd1279a,1
716d30df,1
549bcfa6,1
9b8a8323,0
7056ae73,1
1d322e61,0
8658a2d3,0
3eeaff43,1
e2ab67c0,0
12d06801,1
97ee1c01,0
afe5b114,0
42655384,0
1a88e4e8,1
2dc829fb,1
bd8f7063,0
e6b40964,0
f2e95f73,1
e3d58e4c,0
3b0488a5,0
b0e5d6a9,1
5977d12d,1
1b3a5fdf,1
ad75a6dd,0
ed3a6302,0
e720a668,1
94a7f7db,1
78edd330,1
5111b75f,0
03929131,0
c09a949e,1
f4885434,0
075a9128,0
2c0cc218,0
da7d72ae,0
d2bd571d,1
d960a49a,1
1cc55061,1
3efd2e73,0
7a470da4,1
f4b6a2d9,1
db8c3aff,0
04fcb640,0
fdb114b6,1
cc4bb41d,0
ee1266c7,0
81db53f2,0
b1efed61,0
9e2dec80,0
1da1b0b2,1
5b0a8cf7,1
e39032f3,0
1b0f282e,0
23c7da26,0
9bfe41e0,0
88f43821,0
ccbf5584,0
d9d17656,0
c7c0a563,1
a640f86c,0
b6d39781,1
63257995,1
9f93b18c,0
8d575ce8,0
6cd5905d,0
2eedbb7c,0
d48e8915,1
f45ec9c1,1
a3266423,1
d1b751ca,1
077b1383,1
896950ce,1
47519c53,1
b7d0c031,1
a2cbe5b8,0
f6ee5149,0
bcf8eac6,0
0f4bb5cc,1
30898bb9,1
24b4396d,0
dc1541d8,1
b3bdf5c9,1
b4728f65,1
df48e410,1
179faeb7,0
977c14b4,0
6ac5bc00,0
b8f5a47a,1
02a34dbe,0
697d8a25,0
2681964e,1
60cd5739,1
c1cd08aa,0
a72c0f13,1
a4a97421,0
ffa76407,0
46e4afd7,0
5eb63296,1
7965253d,1
75b6b42a,0
afae3df6,1
891c395e,0
2ae29b14,1
4e03b216,0
75a45b87,0
e2a8df7f,0
fc6a9b8e,0
1e877532,0
c55af173,1
b246dd50,1
ef79653e,0
ebd630b3,0
9e8ba21e,0
b481e7eb,1
9271e730,0
b7037180,0
b9ea0b74,0
0f1fde2f,0
85e6579a,1
0694cc09,1
1253e53f,0
743586d3,1
a4a45744,0
de43a581,0
93cbfcb2,0
83eae589,0
156cdd42,1
ce14a486,1
fa1e1e02,0
c5833e98,0
6756a23f,0
16fd5d36,1
a7f0d795,0
f6101d0f,0
e94ef083,1
d5b51204,1
44abe4f0,1
09373178,1
81df6571,0
2f12e3c2,1
3b1d3f10,0
002eb175,0
37f13f15,0
c69b77cd,0
607d2de3,1
44e51a3d,1
008f1f3d,0
49c8c1e6,1
34c7b193,0
55790f18,1
bf532885,1
c37337c2,0
86cf183c,0
7f75dec1,0
7bed096c,0
42835ff8,0
281cc512,0
6eb089d5,0
d8fb50ea,0
c863a1db,0
9bd2d414,0
730193f6,0
ce666fd8,0
1034b583,1
ead4b272,1
2c81b09c,0
e286f86d,0
9a008283,0
3e439347,1
baa774a3,0
095677b4,0
e8218bf5,0
866d82a2,0
31265189,0
de778e97,1
308d3e18,1
661a21df,1
eae75bba,0
10480b64,1
26fa8116,0
e0b3291c,1
44c093c4,1
2c2c5cda,1
e02489d7,1
d9f2b2a0,0
0e026f08,0
ef97a075,1
75336995,0
12a1f771,1
5c49f1cb,1
c89a08d7,1
1e89b2ad,0
c9f7f182,0
fc5caee8,1
5efd8642,1
2cb402d9,1
81aaac1d,0
6fc26438,0
a79450bb,0
b2bb21ff,1
e18f5b53,0
35bba6eb,0
6ce0a630,1
b234a710,0
b3cea22f,0
a4134aab,1
19889383,0
39639b10,0
0f7c7335,1
6b6629db,1
d3513746,0
1788f28d,0
751d9011,0
a89893bf,1
6c47235e,1
a8d1d805,1
b321528e,1
200963e9,0
47cea393,1
4651d345,0
9c7e6481,1
ef8d0358,0
756a822b,1
5aa0012a,1
9643ab6e,0
95294a29,1
7133502a,0
8fe7fc98,0
d11aa94f,1
12133106,1
6593862c,1
5237aa63,0
2a6ca2d4,0
55de56ec,0
e6ae0ed3,0
a699bab0,0
2f573536,1
33450c3a,0
1c6f6fe0,1
6b7ba5be,0
3cca6b21,1
8b670b4e,1
2f9ace12,0
0a99275e,1
2d5fe2a5,1
2525eeaf,0
373a2e9f,0
af173a25,0
f2bcd1e6,0
30b2415c,0
bea259fe,0
58d391bd,0
072472d5,1
95796a10,1
416f843f,0
fc7881c6,1
7388e072,1
fbd0405f,0
1f52ff8f,1
8b216c31,0
37442783,0
4769ae9e,1
1e996eda,1
b40c5d29,1
d8c202d8,0
2127e08e,1
0d42cf79,0
4565fd7d,1
8f48c8be,0
af3411e3,0
28054d3f,1
0c7f3ac0,1
112c823c,0
3151bfa4,1
e7905aae,1
7102a1c7,0
b3b37caa,0
556d307b,1
f221e9d8,0
527dd088,0
79d7b1e8,0
b7fdfc2d,0
a3bd5f79,0
37064029,0
61f01487,1
cc9d7dcd,0
7c38e968,1
0f42c9b8,0
84f0a68d,0
5bf140c2,1
1aba3abd,0
929f50cf,1
e54aec5f,1
b69fcc29,0
729a46ae,1
d82f136f,0
35ff5a07,1
4ef598cb,1
f399f1ce,1
0210a011,0
904ab4f2,1
5d724959,0
fc58941e,0
405a09e2,0
d3996db5,0
ac02103b,0
fda4bb3f,0
d82bfed9,1
1a06c23c,0
d854ec08,0
1e725af7,0
77aa0bc7,1
1dbabb33,1
9163a023,0
8e090f0f,0
0e7fbd79,0
61f52d6a,1
6873975a,0
5d925c70,0
e33bc5ba,1
07f05de0,1
5c311d49,1
5bc33562,0
f5cd92d4,1
a71acefc,1
fb73af02,0
febcacc1,1
82f67d25,1
a71a7323,0
d706ca38,0
793b2d78,0
98daa855,1
2a8c1b01,1
ecc49ed1,1
214580af,0
08d7424d,0
10873b7f,1
1196673a,0
0fee10c9,0
1142aa01,0
127821dd,0
f3bbacaf,0
5ade3f7b,0
d34100bf,0
34a6d3df,0
e1031720,1
babf611f,0
7d91ca23,1
cf21e234,0
c29567f9,0
2c81c6a0,1
c7c04971,0
c2dc852e,1
fd2b1c48,0
53b15e8f,1
d958f72d,0
9d417c74,0
f41768dd,1
3157e02b,1
cb8796d9,0
2c87d773,1
50ca4ec1,0
cd47c82f,1
b3a8b28b,1
9c4423f3,1
94611450,0
62a23bb4,0
0a8f2f78,0
c76856cf,1
d5ea936f,1
9bf452d7,1
822d86b9,1
6fdcea1c,1
b532e2c2,1
d08a79ef,1
f9c0e136,0
92791f13,0
c3f360c8,0
db3e4da0,1
61424291,0
d81355de,1
ba0fa868,1
1fb86ff7,0
066eae08,0
79324b90,0
f3f0c056,1
b18e7b47,0
dde12b84,1
e339d982,1
7bebecb5,0
46dac13f,0
e12d4cc8,1
9b897422,0
abe4da97,0
eaf894f4,1
ef3afa90,0
7eb221b2,0
33f33938,1
203e8be4,1
5e577f0d,1
3a73f128,0
548af330,1
1a53641d,1
fba8c419,0
e7eaebd5,1
a19afbcc,0
914295e0,0
9adfc174,1
503f9718,0
eda2ac99,1
a822107e,1
3ec0a0ef,0
3287e3f9,1
6bc9f26a,0
3319455d,0
1ec0f98b,0
7258e20a,1
d9ed5382,1
02e5458c,0
e1c40e54,1
71b9d49e,0
b4efee0f,1
82e816d1,1
2d2ea986,1
57a19c97,0
b4dc8f6a,0
8a853d03,0
96ab9f21,1
e34fd3f1,1
7c09af16,0
a229dcd6,1
430ee774,1
55b6e67b,1
73693342,0
7e166818,0
b7f5a490,1
1bb20386,1
e7deff85,1
731609bc,1
8a44cc85,1
cb5072d7,0
ce921a37,0
5fb60ab1,0
a24a35a6,1
473bbfcd,1
cd04d988,1
c03aeed1,0
2203fb94,1
68497a9b,0
4cc3ff66,0
5035aa08,1
1893e934,0
86d7eb44,1
57400704,0
07eeb220,1
8a336279,0
9a32fd46,0
c893954e,0
16c06284,0
74094eca,1
2845359d,0
cdd5ec22,1
e4881823,1
e78ee537,1
98eba8bf,1
ecd53acc,0
b1602372,1
45003bb1,0
6e3bea5b,0
deaa6188,1
f324fdce,0
1e905706,0
f30872f0,1
482006ba,1
0fd70f97,0
d3c27705,0
afbb1d66,0
ce4c3ac6,0
c8ab7c44,1
d6ccd9fb,1
a52fb87a,1
bdea2187,0
66794412,1
dc54518a,1
bc528296,0
d54a8129,1
732e2c4d,0
d657ed42,1
fabb479e,1
949e7bad,0
86f502fa,1
d56741e8,0
d7c67652,0
1287977e,1
649923ec,1
55d25dd3,0
10e9b43d,1
b595e7a6,0
d8f73deb,0
cd8ad6dc,0
e487d826,0
214431d7,1
032faad0,1
2562f632,1
b1466993,0
b2c3108a,0
360ba6b9,0
d29ee1e9,0
4018aac2,1
ec453770,0
4d7e7a37,0
3432d17d,1
e688ffc5,1
21d28866,0
9f2aaf25,0
e9dbc6e6,0
4086e8bf,0
85208e44,1
fa59f086,0
30ef97d9,0
661cf907,0
afbbde0e,1
2bf90eda,1
00965884,0
8f1835dd,0
57fb3c0d,0
873778bd,0
dfe0ca1d,0
5a7e0546,0
5a1381af,0
bddaec45,1
0cee2d06,0
0ba1a9b2,0
ca89ec46,1
7253d97a,0
db813e51,0
920b51cf,1
6ce97da2,0
f0e6c21b,1
47c5030f,0
e8892c48,0
7f4bec90,0
c5a22821,0
95bff5fa,0
65b1bf95,1
cf15e6e9,0
b154e1d5,1
cc2e1420,1
a0c3d387,1
ddb7d78b,0
04905955,1
392a3830,0
03bcff99,1
8133e2c5,1
afa8fb3c,1
74f695eb,1
8d1304d2,0
35205a99,1
edc98ff5,1
c3f8a9f6,1
013a727d,0
2e36525b,0
1b38f4fe,0
77ffdf51,1
474a2f94,1
9ffe7733,0
649f119c,0
ecb82d8d,0
aac1cd09,0
58da2812,1
ac532334,1
d0fd26a5,0
21b47c41,1
7f8441e5,0
802ba2ea,0
dd18b393,1
c11a2734,1
4a11398e,0
5f54ae77,1
44af8807,1
cf5d35f7,1
5c97f694,0
102efc5f,0
a27b49e0,0
8ad3bec1,0
43c0a8d3,1
bd5776c2,1
c37c6848,1
12438eb9,0
e44fe0b8,0
4bd708c1,1
8cfb7cdd,1
4b5440a9,0
2c3c0033,1
7911fc47,0
399140fc,1
f45fcbd2,1
4c48cb4c,0
b9ee2a39,0
d365a5d2,1
0c74be68,1
88048d54,1
0a439eef,1
203569d3,0
af8e2adf,0
596d6cfc,1
14a7ccf6,0
4e3833b2,0
f18cae36,1
4e511418,1
426b176a,1
0415852a,0
436f9713,0
dfc7259d,1
002b7555,1
64a392cd,0
d42afd6f,0
b558514b,0
42dedda4,0
12bf3246,0
1d2e473a,0
349cc5ce,1
c2cbffed,0
bf376254,1
d7b32d2d,1
cdae95ef,0
39c4060d,0
83faad3c,1
523f1f20,1
584d443c,0
c2f3ac58,0
5ae8f776,1
36ac6a0e,1
0fd65d84,1
7be85c6c,1
014d86c3,0
4e16a9b7,1
711de764,0
0aafc3f8,0
c3b3d817,1
c7463909,0
31760d70,0
3ad3ca6f,0
2fc74bdc,0
03f6d82a,1
bb369cef,1
7a20b9d7,1
be51f812,1
5ab9f23b,0
a27cf578,0
72ce57b1,1
ba8581d9,1
c8f5020e,1
b6c8bb2f,1
10014832,1
c7f9c2d1,0
c34d806b,0
78856de5,1
f4f165bd,0
647900e1,1
f502c49d,1
064fd181,1
4600abdf,0
4e131e28,1
b115b62f,0
dd3f1593,0
e2e58787,0
b1f5c6b4,1
1155e367,1
f78a09a7,1
5ff95ed5,1
6af77214,0
54d9f804,0
b183f756,0
6097b16b,0
fe89e7e8,1
1707c8d1,0
0779b6d6,0
a2a0e48f,1
4892330b,0
f8157242,1
6762e62d,0
38f4bc84,0
cc0a123d,1
e3de297f,1
5abdef20,1
3988b8eb,0
27aac002,1
c50035b5,0
a53268ff,0
d541be6b,0
46aea7b1,1
90eaf907,1
0d572a8e,0
34ff538a,0
981234a9,1
c2982b39,0
3ba827bb,1
9d7b5645,0
6763e05c,0
0e42c1f1,0
df6bf1df,1
3e954c52,0
17a0bb8f,1
a69b6ee8,1
7a28671c,0
1e5f6617,1
3f66bdcd,1
b1f32b38,0
e901563c,0
3c868f0e,0
73e624cf,1
33b2f646,1
8a565960,0
d8307b20,1
7ea13cb5,0
d749cdf1,0
d00a9c0f,0
1d54a179,1
17548eba,0
36cf8ca6,1
886cfd76,1
524b526a,1
0cd4fe1b,0
d5f94311,1
5988b7f1,0
4b66f372,1
b64c6922,1
416e8692,1
f9bd4eba,0
9c740b20,0
06143385,1
9ba85adc,0
97d9639c,1
f0c7d236,1
f2487bf9,1
de6cf391,0
90b1d241,0
a4385979,0
fd2ab999,0
1a742e5b,1
83082157,1
86a55012,0
d452f906,1
a4130c7f,1
07d62dae,0
f3983ee9,1
1929f245,1
4f962164,0
c0eaac9e,1
491b95cf,1
1a249d61,1
b6b19e25,0
6b5d18a3,0
e4bf1269,1
7f50fa51,1
eef83261,0
658ef39d,0
4d2b63d2,0
3146de50,0
a3f53295,1
816bfaa5,0
2f337c65,0
4eef3dc3,1
d6c13551,0
5977ab09,1
eadc818b,0
ec7c04f5,0
fe0b4c55,1
138557bc,0
6843937e,1
24d17279,1
02cd5a58,1
60b74207,0
f2f2ffac,1
f34cc08a,1
2f72bef1,0
5142fa69,0
b0d1abc0,0
a05a423e,0
eb712445,1
86d8b6bc,1
d69a8cab,1
343238ba,1
88ff01d4,1
da5325d6,1
b7470770,0
25b4a8a2,1
57e4bf8c,0
1ef6daec,0
50da886d,1
5d91a3c8,1
1e603766,1
8646b215,1
32e3dd70,1
d181a645,0
1f63a9d3,0
21421be9,1
4ca1d0bb,0
cbb2fbc0,0
36bc6e22,1
64f529e5,0
7c1df896,0
a77f0bac,1
6da28387,1
20d8a5e8,0
9207b598,1
a0cf34d8,0
4fb40091,0
b75e518a,1
046bac15,1
c938a4c9,1
25700027,1
dd31fb74,0
8255f523,0
b65f8335,1
2846b1a6,1
ea903a27,1
09a2669e,1
5661f4a9,1
387164e3,0
715f9a68,0
cbba0381,0
e82a86a1,1
b6b51901,1
4c9d74af,1
3597d491,0
c632fc76,1
a47d9438,1
5fc4d291,1
59a08dfd,1
f65a2136,1
a75e513b,1
6d5a7fe2,1
64e5be20,1
3bb05c05,0
bfbd93be,1
3a0d6000,0
b9cb9398,1
c8eb88f3,1
e52c7ec6,1
7983da40,1
c697c66e,0
cdd8a598,0
71fd5f48,0
32cc7409,1
3fc7fdb8,1
49987561,0
9fa28429,1
220f15c7,1
c8c6e53c,0
ee460895,0
73796fc6,0
cefd66bf,1
413e83cb,1
1908a168,0
634e18c4,0
7e637bdc,1
6ba0ba9d,1
99c4b42f,1
464db87f,0
e6fc6c2d,0
b2f22448,1
0a34d13e,0
02ea489c,0
8ae254c7,1
60cc5f37,1
e1a2fb34,0
b50cc38f,1
bd6122b9,1
b782deb9,1
c66e703a,1
933e48c4,0
03c32042,0
ba4e8034,0
64a3a3d6,0
0e81d53c,0
6a6cc3cf,1
305bd29e,0
8f0c2c35,1
2a5361ed,1
995a6927,1
eafbc2bf,1
6db73b3a,0
52f155a3,1
25addbfd,0
d275c5e3,0
d543549f,0
bf47a091,1
e9bf2f9c,1
4dfce228,1
d1d2eb8a,1
069a3de7,1
38b6eaa9,1
e073ca1a,1
65576619,0
8fce6992,1
beb92c9b,1
f5475345,1
c8c13d0a,0
a1a781af,0
4f95f6d3,1
7403e6c2,1
59ee95c1,1
31108905,0
d4ebe2b7,1
80964f07,0
111fd6de,1
d5b23a27,0
ea1f27e4,1
bb10c6d7,1
1b326467,0
02d3a7d6,1
3cc90002,1
b504e395,0
d99b498d,1
d18ce3af,1
3e4b4420,0
26db4dc9,0
8d030a1d,1
e3578273,0
c011eb32,1
fc110fdd,1
1d316815,1
1369851c,0
40501738,0
5549d3ea,1
d766dd05,0
2ab000fe,1
e8886de9,0
0a875e02,0
b7b8418f,1
8d345957,1
da607283,0
bd21c50c,1
2ac1e46a,0
0f12cfd0,0
4949ca6f,0
71f125ce,0
178bbe5f,1
5a01c17a,1
466a8304,0
1a9496b1,1
97b032a9,1
aefe9fc7,0
7828009f,1
0e5a55d3,1
d9083fbb,0
9b64acc1,0
4bc22d1b,1
ea675afb,1
51e47fa2,1
3492112e,1
44ed7133,1
b9c1a251,0
f76b2a11,0
234b101e,1
b6f2e8aa,1
1a176b36,1
3c108d1a,1
1a1d6fca,1
1538c991,1
4e8c2632,0
57443f1b,0
fae7ba56,0
072cdb66,1
102dee80,0
3ae2d48e,0
75155ce9,0
5bd5e104,1
2d0f6920,1
5bde326c,0
6fafda50,0
28717b99,0
55a11a7c,0
ab771863,0
5296a443,0
51cfdacc,0
45a6bf2d,0
bf1c6442,1
71e7ddc0,1
cf82b5e9,1
0a3f4323,1
a2ccdb02,0
22a1afa8,1
6fbaa015,1
69c2fa0e,1
2971f462,1
33a2a55b,0
51ce6ca7,1
02937028,1
5968fee6,0
40d76c80,1
7b51f560,1
a321e320,1
5a0b6c13,0
5b321aa8,1
8355b0ea,0
92e33882,0
041c1649,1
2b5846c5,1
b61697ba,0
253db4af,0
54178e10,0
6f094ad8,0
d844ec12,0
9c9cb2a4,1
5db16034,0
491d35a2,1
a9544955,1
6d1418d3,0
8ed38e7c,1
cd1cbd18,1
60784c20,1
4bc5c6e1,1
6eab1264,0
420d7131,0
763c33a7,1
efa4dd13,0
03bf1e69,1
6069f885,1
c2540e97,0
a2abea58,1
ef8365ae,1
b9f17c92,1
71681fb8,0
eedb6d8a,1
a02063f9,1
05cf56e9,0
9fd7eb78,0
31f5c25c,1
573f4c80,1
f522560d,1
76523019,1
2a0f36a5,1
8e9ed4ec,1
45e2df6c,1
c4d31633,0
bc0e35c6,0
29dfe830,0
e6207a6b,1
ecba002b,0
ef883cb7,0
c9da3cb0,0
48ee949c,1
68f4a296,0
4301a5ea,1
c64deed3,1
b4d51221,1
a45cd955,0
3dfd47c4,1
b6f98a7d,1
260ba025,1
4800439c,1
95b1b699,0
715d6edd,1
a412d6a3,1
fd5950d2,0
70b8618f,0
9d7f8408,0
dce6bf82,1
82bc1f72,1
1a551625,1
321cf166,1
69a16bf5,1
6feec6f3,1
ff90d64b,0
49c0f3ce,1
765f8ae9,1
851dbb20,0
8297b164,1
d1b0e6ca,0
f08bee1a,0
eba2d3df,1
bc6f0e4c,0
fddcabe5,1
4feeffd0,0
462469c9,1
7a7d3d99,1
ac3efad5,1
feb58947,1
2bf3ae72,1
14137469,1
b34e9c4f,0
e86eef35,0
5b8d3202,1
c5140ebd,1
3e57651f,1
bd7ac657,0
977f1811,0
d39d3e49,0
089742c7,0
b6100d8d,0
f9cf90b3,0
d979e2e0,1
08d86bb2,1
de1136e3,1
bc876a7e,0
00e1d02b,0
993f6803,0
784ba2bd,0
b9f33616,1
3212d6de,0
479b60c0,1
f5cda765,0
1b43b7c7,1
82647d59,0
61b973e1,0
91a965de,1
fe3fa2da,1
e4bf32c6,1
12ad2f16,0
d8d13c5c,1
7f7fbb2b,1
ca9d4d1a,1
78d19f78,0
fd2b05f8,0
ab36e341,1
68f4c112,1
6045d35c,0
e5aa73bd,0
7471921c,0
4cc52433,0
c168c6c6,0
35066655,0
09a80198,0
0ae1b824,0
1b782163,0
64cc8542,1
e8d07eb6,1
ec5bd0f1,0
9f9071f1,1
303dcb36,0
8784ec01,1
da60bb5c,0
47a0c76f,0
6ae2a857,0
556b358e,0
61af7a12,1
920844b3,1
e2561a5e,1
f831c3c9,1
4816d61c,0
5fb0232a,1
b6efc6c1,0
3f11a578,0
92c0cb1a,0
7e370813,1
f47f762c,0
16ce1f6b,1
aff1dd8a,1
89d0d708,1
d4579177,0
7f1f18ba,1
b9dab466,1
ec168abb,1
259953f7,0
3355b437,1
25f341a6,0
cb630842,1
62963c31,1
22aad7e4,1
3f35faf8,1
6b883218,0
ec451a48,1
5d843609,1
b044126a,0
fe00291b,1
60ee3ad3,1
7bab4f0f,1
088f2cbd,1
b51332a8,1
f8401fad,1
c8317456,0
0666f9a2,1
95d65d5a,1
5c247ecc,0
3b008394,0
89d49c35,1
3dc1e936,0
69e21b7b,0
8981590f,1
86a9c758,1
5377e5dd,1
01df02c3,1
c1cfc01f,1
4d8b591f,1
5ff5bd14,1
fc35ff3f,1
df8d2617,1
51674822,0
9a4089ec,1
f8ea442d,0
cade95bd,1
57a69796,1
0a8c8180,1
b8382aad,1
033635af,0
477013c9,1
942d18ae,1
f0e87ad4,0
2be016f0,1
e07c51b8,1
9d84ac86,1
f06db3d7,0
a667e46a,0
bb64a1a2,0
c3978e92,0
f9581b2d,1
07b1c8bf,0
48f34fda,0
1d41194d,0
22e3d353,1
201707e6,0
92973b9a,0
b0540f5e,0
9573ac12,0
694e0555,1
a2a9e62b,1
f393b53e,1
45aed4fd,0
6a4a6e2d,0
2ee074b8,1
7e3a9a98,0
c7cb0bed,0
f7afa2c8,0
f75886b5,0
a1090024,1
548dbeb7,0
d984ace3,1
5807eefe,1
2b0a91bd,1
499d42ae,0
7cbe8b65,1
01d06265,1
43a78746,1
9b709afb,1
a7862401,0
caa1b682,1
409a4be9,0
a60db783,0
bfbd80fd,0
d39fdf96,1
f00765b6,0
1976c2b2,1
5a2ced10,0
4ae8ed4a,0
39e6451c,0
0c1e024a,0
4995d9a7,0
1bca8ef2,1
154ab779,0
584f34a3,1
0cf0c1c5,0
0c5589a5,0
86d185cd,0
827ea90a,1
3005067a,1
010f0628,1
5b508767,1
81420252,0
803dd123,1
64fd2352,0
d0c65087,1
d43dffea,1
3d02e03c,1
7dbf412e,1
5da0c7ef,1
98a51433,1
51c6fb8e,0
1e0fe961,0
2ed369ca,1
bf9420ed,1
0e24f9a8,1
43366da6,0
fcc7cf49,1
5a49e883,0
d4d643ef,1
e62a0a56,0
144c540f,1
3df4ce27,0
170d1da0,1
ce74e3f3,0
6dd160cc,0
d90c27e6,0
4fd0f931,1
a54abea9,0
b1894938,1
72100800,0
453aea7c,0
654f3d47,0
05a8c88a,1
e75b047b,0
df410750,1
5d2efe2a,1
89ab8694,0
04186f01,0
ab7d97e3,1
62124959,0
23d212f8,1
e3c4e6f5,0
8b53488b,0
2c189e79,1
557c43f6,0
f324393e,1
086045b9,0
e7410b09,1
2a14e243,1
c03060d0,1
d650e89f,1
29b019bd,1
e1643868,0
27977450,0
7810db20,1
1ed46266,0
fb52ee70,0
f79a5cbd,1
ec1846a0,1
9506f02e,1
88e7d549,1
9bfb4361,1
cc52fd85,1
6248af14,0
a698b603,1
e284a3ef,0
311f27f0,1
621b0ce9,1
fb953a6e,1
9d6b9e8b,0
4f961c96,1
01ecccf6,0
6e21546d,1
177316ca,1
7b6ba9e4,0
baa28586,1
1da9ac14,1
0e38c3cc,1
56588091,0
5d943cfc,0
da65584f,0
c7645a21,1
36b4a472,1
7e599a1b,0
eb762dd6,1
61d55eff,1
2a8be934,0
e9823124,0
65b62bcc,0
c2f836f0,1
85fb9487,1
4c233da1,1
f9460f35,1
733a3a24,1
9f04c854,1
6e255fc7,1
77d83666,1
29ac4f38,1
7dd732ad,0
24feb055,1
473e7de4,0
5b2c6372,1
97aaa114,1
da237d38,1
198e43b4,1
fe679a3d,0
625ff50e,0
f38cb834,1
8544ea26,0
f3dedf16,0
7db6a7c5,0
abe0fa5a,1
b5cd29cb,1
deab2d0a,1
0c3cdcbf,1
f6d39ee4,1
86d47921,1
371d4fee,1
e7ce6703,0
59365f97,1
1c41773c,1
6bcbc952,0
af37b839,0
1966dcd8,1
2a49e45e,0
9c5e3d85,0
3b8dd828,0
0feefa66,1
77d54a2b,1
d4bf174d,0
5deb7087,1
fb8974bc,0
dfc8f4d4,0
3029cbd9,1
67a37cb9,1
af0b7d94,0
0592f693,1
7a4899a5,0
43e18d10,1
46777e99,1
9db953ee,0
9e42e452,0
34e10814,1
22a79675,0
087ee2fc,1
615b5eba,0
ced4431d,0
90529e08,0
002b1659,0
79c2b042,0
3b197dd9,1
3aa11553,1
94790f77,0
8d57703a,0
80f2bf21,1
43a7123e,1
a6548686,0
179f0f09,0
f5edd44e,1
62b39881,0
187f5a1f,1
7ba21359,1
324c736f,0
1081b492,1
9deed280,0
30fead77,0
af1ad20c,1
242d693d,0
ab5d6120,1
7ce3eee6,1
4bcbf917,0
6a832b1b,1
d672fb6c,1
016ea3ab,0
193acf2f,1
8b66a796,0
de688950,0
ae6ed772,0
24ea86d7,0
dbc4f82a,1
fea3fac3,0
bcb71459,0
81d5d60f,0
f9bda6e4,1
24a577be,1
ba4d1bbd,1
ee4af926,1
e81bc31e,1
cf3a42a0,1
55480ace,1
8f0d6e47,1
ae925387,0
2c6a7f64,0
65d47331,0
eab670ff,0
2a20eda0,0
ad10f12b,1
bbde2a08,0
db05b119,0
a56f7dab,1
83974e6c,0
890aef24,1
f9da8ed5,1
bac7ef17,1
7850d0f0,0
8aeb6ef3,1
49acfa28,0
592ae5ff,0
7e477ed6,1
da402b57,1
8c264b59,0
948c9b4f,1
d18b5d5b,0
a812c02a,0
41815804,1
e1599b7f,1
33397d27,0
1ed4187f,0
3667295a,1
be433a4f,0
96f5ea38,0
8927baa8,1
47828cc6,1
b52b0c99,0
49fd868c,0
614c7088,0
8b662cc9,0
06dfafb7,0
a6487b5e,1
9310f5f8,0
de2ec159,0
fcf9a9d7,1
ff7e8579,1
e73abeda,1
8b43b267,1
66c50fdb,1
db1668c5,1
3c98dd32,0
f3ab5f92,1
bf5caa9e,0
90cc1350,1
f452efa1,0
6829c563,1
532c71f9,0
7bf60dfc,0
0612cbb9,1
1e89a31d,1
3f8183f2,0
3bab85e9,1
fff01026,0
cc44c8d7,0
edcdd9ce,1
95e632ea,1
72a36c11,0
c4e44f65,1
b03e4669,1
472eff3f,0
7a5d89bc,1
1b8f3c7e,1
670c4a61,0
a6c81d40,1
e17490c6,0
0cb09c52,0
453a85c0,1
d46ccbfb,1
88f759c5,0
f275cf39,1
969ef154,0
4ce4aee8,0
11ac7817,0
24443e94,1
bf676f04,1
34a8b4b2,1
b13a4883,0
ad69e22b,1
67a0efe0,0
3c62f60f,1
298f3904,0
76e5c4fd,0
13e6a842,1
c1b97f91,1
fb3543c9,0
498f4c6b,0
bd8d33aa,0
9604f7a0,0
445508a7,1
74525c03,1
d6c00f29,0
15174e21,0
8b15a3f7,0
061a4e32,1
d33a036d,0
1c040e45,0
341faa56,1
26da35da,0
30f9cc2c,0
7113d054,1
11070f4e,0
7242a8bc,0
314de321,0
b19421f6,1
48538ba4,1
5c9cc91d,1
4e9ddb1c,0
abf98cd9,1
8d4e39bd,1
1afb79c6,0
2a908cf1,0
4a948130,0
4ac39402,1
121e8391,1
570f42e6,0
6ec0a623,1
6cddc2ca,0
6ebc74ee,0
46d07f80,1
fabb6e16,1
a664bf38,0
94e4333e,0
71c82d84,0
01422e43,0
11ef52ec,0
b31bd705,0
e6206840,0
b578e619,0
6d2e9621,0
e380a2e5,1
e5f1cb4c,0
a562808c,0
96587cfd,0
41968e97,0
ef78df42,1
271f18f5,0
9ee6a1f3,0
16d54464,0
40f897d8,1
86a8d9ff,0
71513e32,0
007b48c1,1
10104701,1
f7b4d6dd,0
e8f29715,1
4c19ca5a,1
b614830a,0
5eea4c4a,1
5908be6d,1
b63d8b78,1
d8927f0f,0
589bb7a4,0
a6a7fa95,1
3dc3e79c,1
f227476a,0
ff747d3d,1
4f29de1c,1
a4482994,1
84cb7ed4,0
e207409d,0
acb481ec,1
be994397,0
406a7872,1
76f9cad0,0
bd6e0978,0
942a9eb9,0
b0ee056a,0
f625ce52,1
6689e8d6,1
4d66ca6d,1
b641c2cc,1
df3061e2,1
31c78d06,1
fabde27a,1
f14a55f1,0
cab712e6,1
716b6fd7,0
eafef147,0
b531c3d3,1
987a1eca,0
905cffa5,1
807bd7ad,1
15e349ab,0
6656f13b,0
745a3ef2,0
d40069bc,0
391bf546,0
7bda9100,1
f9b34d20,0
8406c984,0
cd3958b3,0
4628145f,1
93140408,0
6c5ec0d8,1
4fdde65b,1
718424cd,1
25fd605c,1
b5434c5d,1
df1dbbe0,0
4dd7c12e,1
7b6c45c9,0
0b293c18,1
4f401489,1
1930d21e,0
3194de74,1
d13187a3,1
38e934b4,1
1065411b,0
bf754715,1
cbfc8857,1
49aa62c2,0
45f66a57,0
6bbc25e0,0
dea0a601,1
8b66a00d,0
730779dc,1
2c90c015,0
45dec3fd,0
b03a287f,1
5c351ea9,1
25f412f5,0
349239fa,0
59b390f2,0
29f4a6ab,0
dfe50832,1
76c45226,0
61adf153,0
b912da16,1
f7d517d5,0
ed602b4a,1
b9c7feca,1
c78bfd3c,1
09055f79,0
ed4c17cd,1
03c115f3,0
c4a7a48e,0
dad92228,1
9a761ef9,1
04e664f5,0
14773a02,0
5502fbac,1
da3a7dc4,0
b5513d7c,1
ad67593f,1
d77da14e,0
667d2c2d,0
b77fd94c,1
46ed8746,1
495f3173,0
9bdf9fcd,1
770cb2cc,1
f60ee553,0
e9a4cb90,0
f651bcda,1
1206e52d,0
67e6a48e,1
3d8b23ae,1
06e863a0,1
808edbc0,1
77755553,1
955b9210,1
b9c3bce9,0
0716c10b,1
3aff4d47,1
7ee4c365,1
f4525808,1
5ac03b6a,0
d127728a,1
753e9153,0
727095e7,1
e3196b04,0
3bc2280b,1
7eacdcf8,1
0ab57a9e,0
4bf5ce72,0
fe6047a2,0
859c5f76,1
d52aff8a,0
ef8517aa,0
d1d9dfe8,0
d6f13a7b,0
a3fda6a6,0
935290db,0
e7f83933,0
a33fbb08,1
e5e02f9a,0
6eb11db0,1
aaa31bba,1
4d547818,1
5c160e2d,1
f44f7ce7,1
7b2c3595,0
021a58e4,1
322e136f,1
b012c7df,0
fd8a8ca1,1
3a472c3e,0
c82fdd70,0
86fe8332,0
c92a76cf,1
634d6b39,0
f8725dc1,0
463a2f0a,1
d9ff8186,0
5c85a698,0
545747c5,1
75ee0005,1
030faa9b,0
021da496,1
c4857076,1
6cbfa247,0
39c38fc3,0
61d375ab,0
59e42ce4,0
4b678b11,0
13b58dd4,0
3c585751,1
bc40495f,1
ac7e87a2,1
fbf1d7fd,0
d039cb6f,0
4de45e4f,1
2ca59947,1
efb1fc21,1
7c9a8f3e,0
fb7ef6d9,0
0e84d37d,0
f4de77ab,0
d69f75d2,0
28d495f8,0
b02d5079,1
5b453620,0
2c24249e,0
da6fdf13,1
006af7d0,0
d94aefed,1
6db3f361,1
990277df,1
067ee7ca,0
f0beaf89,0
8e9e6740,0
1b5cb140,1
e13c6fe0,1
5b6777ce,1
d37750c6,1
0b9b358d,1
0247fe0b,0
ef9e50c0,0
d2120fb5,1
b52a7e65,0
1c888df9,0
586f2c8c,1
89624550,0
0e1c7f6f,0
4d727d40,0
3fb4ba70,0
91f1261e,1
459a0f08,1
3fda18b1,0
84bb9149,1
2dc7d991,0
62ce1d42,0
540654b2,0
e373050d,0
509a30ef,0
55baee62,1
b12df1bc,1
55e1fc5b,1
065802d2,1
e43e2ed8,1
13115782,0
41726c74,1
be713c9d,1
f01bedcf,1
c4ea7ac8,0
2c75ed04,0
631cdedb,1
e1ba106d,1
cd8a131c,1
66e2d1c3,0
8420a1e1,0
6312bd77,0
ec759bb1,1
a3cb30f1,0
874ef2c0,1
f332e3f8,0
54158fcd,0
79c98a4c,0
41840daa,0
405c3c37,1
36524946,0
af72a37d,1
a0a3f493,1
b5eecea1,1
26144fe1,0
cefdbc61,1
fca20c9f,1
46529fb7,1
239649ea,0
b4469a05,1
41ffe234,1
00d33905,1
d1c7f1b7,1
f53e65e2,0
548f05e3,0
bd1fe649,1
dc0ccaff,1
941d1c3c,0
b36c4c0e,1
183ab0ce,0
07caf216,1
06cbcbe0,1
a8ff889f,1
ac1c7d3d,1
bb42d86c,1
4b2ce65f,1
6fe15e11,1
97dcc2e0,1
d8801970,0
924d6550,0
8c3ea592,0
5a19b67a,0
5b7b6fdb,1
117ced91,0
02093fff,1
ca1bffd5,0
a8e791bc,1
46d7d445,1
708b18b9,0
ee366225,0
d92d9019,1
e1e962dd,0
b29391b4,1
6ef1f4ee,0
a535df01,1
8ba27068,1
c664681e,1
dbbb38d7,1
777b24d9,1
e21e2149,1
8488c348,0
1cac32e2,1
5a0e5be9,1
3ef9bb23,0
33b67be5,0
f5f5bc42,0
c877f709,1
d3744dff,1
8a6ede92,1
7feaa4ab,0
388c065b,1
7f7f0298,1
c51c2b6b,1
a6394ed6,0
754274ec,1
443a5e8c,1
acf5bf81,0
193b4b0e,1
b85a3614,1
149d87ea,0
987cdb8d,0
813039e8,1
8e6ac5a5,0
69858200,0
34b7d7d2,0
5836876b,0
fdb41a60,1
29e8332f,0
b53587ea,1
7800b24c,0
a304c86f,0
dcf92071,0
3540836e,0
389500cd,1
849f35c4,1
5c7f24b2,1
77fda8a9,1
71bde882,1
27860de4,0
a44299b5,0
576a4818,1
eb39835f,1
a75f880e,1
dfe27b0a,1
160cdcf4,1
ad343ab6,1
b1cebb97,1
06bef6c5,1
dbcc8251,1
e955e9ef,0
44c58a28,1
a84debc8,1
a8dad2f4,1
962dc88b,0
1d67e83d,1
b019b1ba,1
bfa34ef9,0
324a0e80,0
7475fb2a,0
c0d70e58,0
297bf739,0
30e32472,1
c13095c0,0
f94787a5,1
a6add2e4,1
7092c753,1
ae9a7eb9,1
127951e2,0
733c47d7,0
8eb5350a,1
547a3bd1,0
6ca02b8c,0
f1532fd4,1
7dd40077,0
16bffbad,1
88a8d02f,0
a165acff,0
90eda58b,1
120f6e11,0
2d472ffe,1
f36de6a0,0
0ac85078,0
bcaad730,1
bfc5060a,0
e7404cb7,1
2bf470ff,1
8ae5aa7f,1
cfc5da47,0
859099a0,1
0c63b907,1
d8f56e7f,1
e1466947,0
3d9a4baa,1
15d4bbf5,0
928b2e73,0
df3579a1,0
2cbb0754,1
5d641fde,1
99a1544b,0
0329673c,0
37b3343c,0
d7820f80,0
3c3747f8,1
16fe83cc,0
039131a7,1
39eb7928,1
30cb4179,0
26355116,0
e1bc9a9e,1
2f1f2f97,1
acb47087,1
69df1797,0
7b2b396a,1
a5a6df88,0
42656e37,1
b7d4139b,0
8f93b698,0
a5cf946f,0
8d027308,1
002cbdb7,1
fd7a030a,0
4bda298d,1
2528cc6a,0
4575dda7,0
5223b81f,1
bfdb283e,0
2a6e1f59,0
5bb9762b,0
54b359ce,1
9eb22d71,1
d2844759,1
7714d3a2,1
85bbda31,1
0df6cba7,1
5439d8a4,1
60746a19,1
3efd350e,0
50c589d5,1
5db5ebde,1
81707a87,0
015c3789,1
b3a3b8c2,1
16e84793,1
c8f0ef57,1
34845342,0
415b89ae,1
2f6c51f3,1
a16a8637,0
83ccc791,0
e5ad9483,0
79213c4e,0
49548442,0
82e7c00e,0
fd3a0326,1
886e1f8a,1
bc4e2cd0,0
9b13c720,0
c1755859,0
59a03b6c,0
a591f658,0
991c3a1c,1
3574e616,0
9ade7124,1
b184e4cd,0
dcfda29f,0
72b416fc,0
12a0b594,1
dd6edac6,0
3acc096d,0
6a370238,1
981233dd,0
d2e6b150,1
aa2cfd79,0
818fe328,0
2c54e63a,1
227436dc,1
ebedc773,1
5fb9ef41,1
05342aec,0
2170ae91,1
8c2d2421,0
befddba7,1
fdc96ea3,0
5a94d531,1
78325c31,0
e917f442,1
113da7a8,0
385f565b,0
0ac40cc1,0
8102758a,1
13316cdc,1
82b4095f,1
3afc74db,0
467b4957,1
75c44051,1
71688eac,1
fc1fe185,0
93926d28,1
3dd6c371,0
118cb5db,0
b5f48220,1
21f07e84,1
412ed6d1,0
81689705,0
cc2e7f30,0
2f0b796a,1
29d33130,0
6aa36f7d,0
bfd022c2,0
cf831a5f,1
3089e3a2,0
4772dc27,0
41bdfe2d,1
7be7c07c,0
e5041111,1
3bcbf058,0
572fdf61,0
3f182143,0
558396a5,0
afff6f16,0
d06aa2db,0
75ac6a44,0
a8b43193,0
8fce3111,0
e123b17b,1
62cde824,0
cf4459d8,1
c69cde5f,1
1b708c25,0
02340375,0
befc15c0,0
f2a30bbb,0
cb77b066,1
34cd40b0,0
ab5c182e,0
91e36de4,0
59b12c3d,1
a98b0f01,0
ae178992,1
cdd447dd,0
2b158f57,1
4d314d5f,0
1ccbadcd,1
2b1c4f55,0
c6087383,0
2a77bfac,1
3e87330a,1
c7c60324,1
c2cf5ae5,0
26a00a58,0
aabf4367,0
2f740131,1
374306f3,1
cbd39687,1
6b938b8f,1
7d2ac9e4,0
1131f301,1
5db3461e,1
9e4a925e,0
1792edec,0
bec1fe18,1
00e554a9,1
d06937b6,1
8857185c,0
f8f350fe,0
9208a8a1,1
0f32c013,1
c7bf79ef,1
4e3b9495,1
d32687d7,1
41c78bd2,1
87d44249,0
7228c785,1
62c7f4c6,1
2d0744a4,1
7b8d9ff6,1
3ed7f29a,1
47e6e608,1
bfcf4214,0
2fbf8311,1
4267ac70,0
2eefdf48,0
077b116c,1
02689c5c,1
9caa825a,1
957a7d75,1
e5b1a45e,1
e6c67ccf,1
b46cfbba,0
cff1ab65,0
a11fa994,1
e38ab2c9,0
a5831205,0
a5fa3e1e,1
8f50f88e,0
9d20246a,1
0a4ed0ea,0
65f859eb,1
0a5f86fc,1
6153f6e2,0
3bc379e1,1
afc6441f,0
cabc12e3,1
f2039caf,0
3a7909b2,1
e098a226,1
d4d7d6e5,1
c19ff77b,0
07df53c0,0
6bc11bad,0
f00a5578,1
7310b8f0,0
7bd658ac,1
17806d30,1
f2600383,0
e31f87ea,0
8f0eac21,0
c65d9cb8,1
dfbdcaf8,0
5bb239bb,1
cacdc5b3,0
e69982ef,1
e864f09d,0
d68b83f3,0
906f4660,1
bcc18586,0
b1522216,0
496d7cfc,1
cdf443f9,1
73ab4e66,1
039909d7,1
cd6a878f,0
4838489a,1
228e3329,1
72dfa82d,0
7022f3f2,0
95f5fa9a,0
e676d7b5,1
6d7554e4,1
eda10e3a,1
6232210c,1
5d93a58f,0
06bf48f8,1
61347494,0
cdb3497b,1
4b406d0e,0
15ad2aa0,0
7d67c167,1
47fa1e73,0
164d50da,0
f7e19c2f,0
d2a5a3d7,0
6644b900,1
321f01b6,1
27977da3,1
68fcc867,0
82ee6294,0
832fa850,1
bf18e610,1
9f2a1bf4,1
277771db,1
5818808c,0
dd50f7be,1
a9328a2a,0
f5692b9d,0
735ffaa1,1
28b94b2a,1
4012407d,0
a6d6e307,0
36fdfdb4,0
b8c55b8e,0
d26ca0de,1
ff51a90a,1
2fe225c5,0
2d29201f,0
8bdbde21,1
ad6e15f9,0
de8a35f3,0
da3990ed,1
6b325b65,0
9460a97d,0
e12f1f8e,1
63708d70,0
c91672d7,1
1bd48d17,1
843ee286,1
0c2d5554,1
6df1a374,1
363ac975,1
af14d41c,1
6c2ec347,1
4e2e9a3f,0
ac2fe723,1
51bb40f2,1
a97f71a6,0
8df02624,1
203e0f7d,1
1721fcd5,0
b0dcc3a0,1
21301fba,1
b6d5daac,1
4fb67a3c,1
18329c4a,0
f487d679,0
9b0dfffe,1
3b97da0d,1
1306a454,1
1c1830ce,1
baad6c86,1
a809296e,1
9cfec357,1
6203bd60,1
f57d0578,0
e93f67e6,1
667a9307,0
3d096ef8,0
1bbbb4ca,1
5b094d24,0
107080e4,0
